,names,urls,addresses
0,IMT Cherry Creek,https://www.apartments.com/imt-cherry-creek-denver-co/p5lctdr/,"755 S Dexter St, Denver, CO 80246"
1,Cirrus,https://www.apartments.com/cirrus-denver-co/9nw63e7/,"1590 Grove St, Denver, CO 80204"
2,Outlook DTC,https://www.apartments.com/outlook-dtc-denver-co/54kw2gn/,"5031 S Ulster St, Denver, CO 80237"
3,Sentral Union Station,https://www.apartments.com/sentral-union-station-denver-co/pzzxf4t/,"1770 Chestnut Pl, Denver, CO 80202"
4,Deco Apartments,https://www.apartments.com/deco-apartments-denver-co/mwyf86h/,"2180 S Colorado Blvd, Denver, CO 80222"
5,Atelier at University Park,https://www.apartments.com/atelier-at-university-park-denver-co/hw2e1e2/,"2450 S University Blvd, Denver, CO 80210"
6,One Observatory Park,https://www.apartments.com/one-observatory-park-denver-co/c8kk2lf/,"2360 E Evans Ave, Denver, CO 80210"
7,X Denver,https://www.apartments.com/x-denver-denver-co/7vx778z/,"3100 Inca St, Denver, CO 80202"
8,Revive At 9 Mile Station,https://www.apartments.com/revive-at-9-mile-station-denver-co/605223t/,"10700 E Dartmouth Ave, Denver, CO 80014"
9,The Fremont,https://www.apartments.com/the-fremont-aurora-co/zdmvcbx/,"13021 E 21st Ave, Aurora, CO 80045"
10,Modera West Wash Park,https://www.apartments.com/modera-west-wash-park-denver-co/jtt0m76/,"400 N Grant St, Denver, CO 80203"
11,High Line Pointe Apartments,https://www.apartments.com/high-line-pointe-apartments-denver-co/tbvwl49/,"1291 S Ulster St, Denver, CO 80231"
12,Decatur Point,https://www.apartments.com/decatur-point-denver-co/j71yy67/,"2700 Decatur St, Denver, CO 80211"
13,Parq on Speer,https://www.apartments.com/parq-on-speer-denver-co/zsqtclw/,"909 Bannock St, Denver, CO 80204"
14,Coda,https://www.apartments.com/coda-denver-co/3mqxske/,"100 Steele St, Denver, CO 80206"
15,Griffis Cheesman Park,https://www.apartments.com/griffis-cheesman-park-denver-co/c1342ze/,"2190 E 11Th Ave, Denver, CO 80206"
16,Cielo,https://www.apartments.com/cielo-denver-co/g6l0k6x/,"6715 E Union Ave, Denver, CO 80237"
17,AMLI at Uptown,https://www.apartments.com/amli-at-uptown-denver-co/hxh1fg0/,"1633 Pearl St, Denver, CO 80203"
18,The Pullman,https://www.apartments.com/the-pullman-denver-co/5mbclzn/,"1959 Wewatta St, Denver, CO 80202"
19,The Casey,https://www.apartments.com/the-casey-denver-co/g7zev3y/,"2100 Delgany St, Denver, CO 80202"
20,St Paul Collection,https://www.apartments.com/st-paul-collection-denver-co/hddk3t2/,"210 Saint Paul St, Denver, CO 80206"
21,Cortland Cap Hill,https://www.apartments.com/cortland-cap-hill-denver-co/w7b959h/,"1200 Grant St, Denver, CO 80203"
22,Griffis Cherry Creek North,https://www.apartments.com/griffis-cherry-creek-north-denver-co/3jq0ssf/,"55 N Cook St, Denver, CO 80206"
23,16M Residences,https://www.apartments.com/16m-residences-denver-co/ct263gf/,"1560 Market St, Denver, CO 80202"
24,AMLI Riverfront Green,https://www.apartments.com/amli-riverfront-green-denver-co/dj4s0xj/,"1750 Little Raven St, Denver, CO 80202"
0,Citizen,https://www.apartments.com/citizen-denver-co/g0q5r1x/,"140 W 10th Ave, Denver, CO 80204"
1,Griffis Belleview Station,https://www.apartments.com/griffis-belleview-station-denver-co/kflkjeb/,"4400 S Monaco St, Denver, CO 80237"
2,Griffis LoDo,https://www.apartments.com/griffis-lodo-denver-co/4g121pl/,"1490 Delgany St, Denver, CO 80202"
3,Arapahoe Square,https://www.apartments.com/arapahoe-square-denver-co/r1fegc0/,"550 Park Ave W, Denver, CO 80205"
4,Arapahoe Club,https://www.apartments.com/arapahoe-club-denver-co/47s1y6h/,"2800 S Syracuse Way, Denver, CO 80231"
5,The Haven,https://www.apartments.com/the-haven-denver-co/f8j7twv/,"18400 E Elmendorf Dr, Denver, CO 80249"
6,Broadstone Kendrick,https://www.apartments.com/broadstone-kendrick-denver-co/b7lr20b/,"1780 Marion St, Denver, CO 80218"
7,1600 Glenarm,https://www.apartments.com/1600-glenarm-denver-co/ehdd69m/,"1600 Glenarm Pl, Denver, CO 80202"
8,Residences at Market Station,https://www.apartments.com/residences-at-market-station-denver-co/l4p87ld/,"1661 Market St, Denver, CO 80202"
9,Bear Valley Park,https://www.apartments.com/bear-valley-park-denver-co/39tqzmf/,"5775 W Dartmouth Ave, Denver, CO 80227"
10,LoHi House Apartments,https://www.apartments.com/lohi-house-apartments-denver-co/nyjys7m/,"2001 W 32nd Ave, Denver, CO 80211"
11,Infinity LoHi,https://www.apartments.com/infinity-lohi-denver-co/8cx5e82/,"2298 W 28th Ave, Denver, CO 80211"
12,Denizen,https://www.apartments.com/denizen-denver-co/6cvryrt/,"415 S Cherokee St, Denver, CO 80223"
13,Cortland at Green Valley,https://www.apartments.com/cortland-at-green-valley-denver-co/k9zjwf9/,"5650 N Argonne St, Denver, CO 80249"
14,1101 Country Club Towers II & III,https://www.apartments.com/1101-country-club-towers-ii-iii-denver-co/lkqkyjd/,"1101 E Bayaud Ave, Denver, CO 80209"
15,The Indi at Uptown Square,https://www.apartments.com/the-indi-at-uptown-square-denver-co/njglpdm/,"1950 N Pennsylvania St, Denver, CO 80203"
16,AMLI Cherry Creek,https://www.apartments.com/amli-cherry-creek-denver-co/lhjxy5d/,"801 S Cherry St, Denver, CO 80246"
17,Alas Over Lowry,https://www.apartments.com/alas-over-lowry-denver-co/b4j2dx9/,"82 N Uinta Way, Denver, CO 80230"
18,Alara Union Station,https://www.apartments.com/alara-union-station-denver-co/c70tj8e/,"1975 19th St, Denver, CO 80202"
19,Westend,https://www.apartments.com/westend-denver-co/vmzq9pe/,"3500 Rockmont Dr, Denver, CO 80202"
20,Neon Local,https://www.apartments.com/neon-local-denver-co/m3nnk6l/,"99 S Broadway, Denver, CO 80209"
21,Parkfield,https://www.apartments.com/parkfield-denver-co/bh1gem9/,"16199 E Green Valley Ranch Blvd, Denver, CO 80239"
22,Encore at Boulevard One,https://www.apartments.com/encore-at-boulevard-one-denver-co/tm8e65c/,"7108 E Lowry Blvd, Denver, CO 80230"
23,Griffis Cherry Creek,https://www.apartments.com/griffis-cherry-creek-denver-co/e6md78p/,"350 S Jackson St, Denver, CO 80209"
24,Acoma,https://www.apartments.com/acoma-denver-co/t12hpz8/,"816 Acoma St, Denver, CO 80204"
0,Catbird Hotel Rentals,https://www.apartments.com/catbird-hotel-rentals-denver-co/75b138z/,"3770 Walnut St, Denver, CO 80205"
1,The Apartments at Denver Place,https://www.apartments.com/the-apartments-at-denver-place-denver-co/ln0vykf/,"1880 Arapahoe St, Denver, CO 80202"
2,Parliament Apartments,https://www.apartments.com/parliament-apartments-denver-co/e51k42p/,"4363 S Quebec St, Denver, CO 80237"
3,AMLI Denargo Market,https://www.apartments.com/amli-denargo-market-denver-co/h1b8k53/,"2525 Wewetta Way, Denver, CO 80216"
4,IMT At City Park,https://www.apartments.com/imt-at-city-park-denver-co/3r170he/,"1600 Fillmore St, Denver, CO 80206"
5,DriveTrain,https://www.apartments.com/drivetrain-denver-co/e8m987m/,"3299 Brighton Blvd, Denver, CO 80216"
6,Avia Lowry,https://www.apartments.com/avia-lowry-denver-co/3vhvhpf/,"9649 E 5th Ave, Denver, CO 80230"
7,Vue West,https://www.apartments.com/vue-west-denver-co/84kl7l0/,"4811 S Niagara St, Denver, CO 80237"
8,Regatta Sloan's Lake,https://www.apartments.com/regatta-sloans-lake-denver-co/g19htcy/,"1565 Raleigh St, Denver, CO 80204"
9,AlfaCharlie Modern Apartments,https://www.apartments.com/alfacharlie-modern-apartments-denver-co/gst9s3w/,"18798 E 65th Ave, Denver, CO 80249"
10,Cortland on Cherry Creek,https://www.apartments.com/cortland-on-cherry-creek-denver-co/myk729h/,"2234 S Trenton Way, Denver, CO 80231"
11,Theo,https://www.apartments.com/theo-denver-co/fryqr7s/,"985 Albion St, Denver, CO 80220"
12,20th Street Station,https://www.apartments.com/20th-street-station-denver-co/e2bp85m/,"2080 California St, Denver, CO 80205"
13,Milo,https://www.apartments.com/milo-denver-co/txedf38/,"4109 E 10th Ave, Denver, CO 80206"
14,Steele Creek,https://www.apartments.com/steele-creek-denver-co/8yln5d0/,"3222 E 1st Ave, Denver, CO 80206"
15,Griffis North Union,https://www.apartments.com/griffis-north-union-denver-co/qt7r72z/,"2975 Huron St, Denver, CO 80202"
16,Strata,https://www.apartments.com/strata-denver-co/9hrk8x7/,"16505 Green Valley Ranch Blvd, Denver, CO 80239"
17,1919 Mile High Apartments,https://www.apartments.com/1919-mile-high-apartments-denver-co/3ynen2e/,"550 W 19th Ave, Denver, CO 80204"
18,Cortland Gateway Park,https://www.apartments.com/cortland-gateway-park-denver-co/jwz8l66/,"4699 Kittredge St, Denver, CO 80239"
19,Via Apartments,https://www.apartments.com/via-apartments-denver-co/gd8py1y/,"828 Broadway St, Denver, CO 80203"
20,Arrive 800 Penn,https://www.apartments.com/arrive-800-penn-denver-co/r6d45l0/,"800 Pennsylvania St, Denver, CO 80203"
21,Radius Uptown,https://www.apartments.com/radius-uptown-denver-co/qfhdtjy/,"1935 N Logan St, Denver, CO 80203"
22,Gardens at Cherry Creek,https://www.apartments.com/gardens-at-cherry-creek-denver-co/wglzxkk/,"225 S Harrison St, Denver, CO 80209"
23,TwentyOne01 on Market,https://www.apartments.com/twentyone01-on-market-denver-co/e62ljhp/,"2101 Market St, Denver, CO 80205"
24,1000 South Broadway,https://www.apartments.com/1000-south-broadway-denver-co/q5j9r5x/,"1000 S Broadway St, Denver, CO 80209"
0,Dylan at RiNo,https://www.apartments.com/dylan-at-rino-denver-co/49r6vxh/,"3201 Brighton Blvd, Denver, CO 80216"
1,ZIA Sunnyside,https://www.apartments.com/zia-sunnyside-denver-co/e3lzj2p/,"4005 Inca St, Denver, CO 80211"
2,Bromwell,https://www.apartments.com/bromwell-denver-co/rlmqe33/,"355 N Logan St, Denver, CO 80203"
3,MAA River North,https://www.apartments.com/maa-river-north-denver-co/mkczvxj/,"1859 28th St, Denver, CO 80216"
4,Emery West Highland,https://www.apartments.com/emery-west-highland-denver-co/8s2rzj2/,"3550 W 38th Ave, Denver, CO 80211"
5,The Parc At Cherry Creek,https://www.apartments.com/the-parc-at-cherry-creek-denver-co/1609vb7/,"7555 E Warren Dr, Denver, CO 80231"
6,Deerfield at Indian Creek,https://www.apartments.com/deerfield-at-indian-creek-denver-co/m5qxv2j/,"1771 S Quebec Way, Denver, CO 80231"
7,RYE SoBo,https://www.apartments.com/rye-sobo-denver-co/mkzhv2h/,"290 W Alameda Ave, Denver, CO 80223"
8,Addison at Cherry Creek,https://www.apartments.com/addison-at-cherry-creek-denver-co/562730n/,"9110 E Florida Ave, Denver, CO 80247"
9,Camber,https://www.apartments.com/camber-denver-co/lm3fyyg/,"6025 Ceylon St, Denver, CO 80249"
10,Lowry Park,https://www.apartments.com/lowry-park-denver-co/wl2b26l/,"8501 E Alameda Ave, Denver, CO 80230"
11,Edit at River North,https://www.apartments.com/edit-at-river-north-denver-co/wqz5hjl/,"3463 Walnut St, Denver, CO 80205"
12,M2,https://www.apartments.com/m2-denver-co/7407ljz/,"4560 S Balsam Way, Denver, CO 80123"
13,Premier Lofts,https://www.apartments.com/premier-lofts-denver-co/5mrcz1p/,"2200 Market St, Denver, CO 80205"
14,AVA RiNo,https://www.apartments.com/ava-rino-denver-co/2hh9118/,"2600 Lawrence St, Denver, CO 80205"
15,300 East 17th Apartments,https://www.apartments.com/300-east-17th-apartments-denver-co/b483bq8/,"300 E 17th Ave, Denver, CO 80203"
16,The Douglas Apartments,https://www.apartments.com/the-douglas-apartments-denver-co/0kg5fr0/,"2300 Walnut St, Denver, CO 80205"
17,Loft 9,https://www.apartments.com/loft-9-denver-co/2hyzr6c/,"11100 E Dartmouth Ave, Denver, CO 80014"
18,City Gate,https://www.apartments.com/city-gate-denver-co/1sjfv55/,"2890 Brighton Blvd, Denver, CO 80216"
19,Andante Apartments,https://www.apartments.com/andante-apartments-denver-co/y3pspnt/,"3310 S Kenton St, Denver, CO 80014"
20,The Seasons of Cherry Creek,https://www.apartments.com/the-seasons-of-cherry-creek-denver-co/dn69esh/,"3498 E Ellsworth Ave, Denver, CO 80209"
21,Advenir at Bear Valley,https://www.apartments.com/advenir-at-bear-valley-denver-co/7x6d1dx/,"3550 S Kendall St, Denver, CO 80235"
22,Art District Flats,https://www.apartments.com/art-district-flats-denver-co/yn5elev/,"1225 Santa Fe Dr, Denver, CO 80204"
23,Villages at Curtis Park,https://www.apartments.com/villages-at-curtis-park-denver-co/q19k95x/,"2855 Arapahoe St, Denver, CO 80205"
24,Gateway Park,https://www.apartments.com/gateway-park-denver-co/0rpylb2/,"4255 Kittredge St, Denver, CO 80239"
0,The Metro Apartments,https://www.apartments.com/the-metro-apartments-denver-co/mjll7th/,"2121 Delgany St, Denver, CO 80202"
1,Monaco Lakes,https://www.apartments.com/monaco-lakes-denver-co/ghtb63w/,"6165 E Iliff Ave, Denver, CO 80222"
2,Loretto Heights,https://www.apartments.com/loretto-heights-denver-co/qkgj2ry/,"3400 S Lowell Blvd, Denver, CO 80236"
3,Sienna at Cherry Creek,https://www.apartments.com/sienna-at-cherry-creek-denver-co/66tk2hs/,"1939 S Quebec Way, Denver, CO 80231"
4,The Aster Conservatory Green,https://www.apartments.com/the-aster-conservatory-green-denver-co/r5cegr3/,"4890 Willow St, Denver, CO 80238"
5,TAVA Waters,https://www.apartments.com/tava-waters-denver-co/1nj8cz6/,"9099 E Mississippi Ave, Denver, CO 80247"
6,Bridges at 9 Mile Station,https://www.apartments.com/bridges-at-9-mile-station-denver-co/hvp6rq0/,"10025 E Girard Ave, Denver, CO 80231"
7,Civic Lofts,https://www.apartments.com/civic-lofts-denver-co/pszcdgv/,"360 W 13th Ave, Denver, CO 80204"
8,The Town Center Collection,https://www.apartments.com/the-town-center-collection-denver-co/6tqsctt/,"7575 E 29th Pl, Denver, CO 80238"
9,The Collective Glendale,https://www.apartments.com/the-collective-glendale-denver-co/ntey7wp/,"1250 S Clermont St, Denver, CO 80246"
10,Cedar Run,https://www.apartments.com/cedar-run-denver-co/gxy6sdz/,"888-888 S Oneida St, Denver, CO 80224"
11,VENTANA,https://www.apartments.com/ventana-denver-co/x2djhmq/,"5095 E Donald Ave, Denver, CO 80222"
12,Twin Lake Towers,https://www.apartments.com/twin-lake-towers-denver-co/1m34916/,"8680 E Alameda Ave, Denver, CO 80247"
13,ReNew on Stout,https://www.apartments.com/renew-on-stout-denver-co/1g6yhb7/,"1531 Stout St, Denver, CO 80202"
14,Moto Apartments,https://www.apartments.com/moto-apartments-denver-co/y9p7swr/,"820 Sherman St, Denver, CO 80203"
15,Spyglass Creek,https://www.apartments.com/spyglass-creek-denver-co/2yn9jec/,"7100 E Mississippi Ave, Denver, CO 80224"
16,Villages at Gateway,https://www.apartments.com/villages-at-gateway-denver-co/0nslb11/,"12175 Albrook Dr, Denver, CO 80239"
17,Uptown Square Apartment Homes,https://www.apartments.com/uptown-square-apartment-homes-denver-co/z0pdkjy/,"1950 N Pennsylvania St, Denver, CO 80203"
18,3300 Tamarac Apartments,https://www.apartments.com/3300-tamarac-apartments-denver-co/4fk3ebj/,"3300 S Tamarac Dr, Denver, CO 80231"
19,Hunter's Run,https://www.apartments.com/hunters-run-denver-co/36dl9ge/,"7777 E Yale Ave, Denver, CO 80231"
20,CoLab,https://www.apartments.com/colab-denver-co/4cwbtrl/,"1493 Osage St, Denver, CO 80204"
21,Ivy Crossing,https://www.apartments.com/ivy-crossing-denver-co/bnj5w78/,"2320 S Quebec St, Denver, CO 80231"
22,Grand Lowry Lofts,https://www.apartments.com/grand-lowry-lofts-denver-co/nlzw3mn/,"200 Rampart Way, Denver, CO 80230"
23,Alta Sloans Lake,https://www.apartments.com/alta-sloans-lake-lakewood-co/tm7crbb/,"1605 Sheridan Blvd, Lakewood, CO 80214"
24,The Dakota at Governor's Ranch,https://www.apartments.com/the-dakota-at-governors-ranch-littleton-co/qb11jzz/,"9097 W Cross Dr, Littleton, CO 80123"
0,Westwood Green,https://www.apartments.com/westwood-green-lakewood-co/2dhp0nc/,"7410 W Warren Cir, Lakewood, CO 80227"
1,Broadstone Olivine,https://www.apartments.com/broadstone-olivine-littleton-co/39d78pe/,"8012 W Long Dr, Littleton, CO 80123"
2,Fairways at Raccoon Creek,https://www.apartments.com/fairways-at-raccoon-creek-littleton-co/lyec8he/,"6805 W Bowles Ave, Littleton, CO 80123"
3,The Windsor,https://www.apartments.com/the-windsor-lakewood-co/bpdsyt9/,"8153 W Eastman Pl, Lakewood, CO 80227"
4,Promenade Place,https://www.apartments.com/promenade-place-greenwood-village-co/37vf7jf/,"5200 S Ulster St, Greenwood Village, CO 80111"
5,Brickhouse at Lamar Station,https://www.apartments.com/brickhouse-at-lamar-station-lakewood-co/108f8m6/,"6300 W 13th Ave, Lakewood, CO 80214"
6,Dayton Station Townhomes,https://www.apartments.com/dayton-station-townhomes-aurora-co/xc4065n/,"3899 S Dallas St, Aurora, CO 80014"
7,Helios,https://www.apartments.com/helios-englewood-co/n6zhn6n/,"7901 E Belleview Ave, Englewood, CO 80111"
8,Isabella Apartment Homes,https://www.apartments.com/isabella-apartment-homes-greenwood-village-co/ggdn78y/,"5400 S Park Terrace Ave, Greenwood Village, CO 80111"
9,Traverse Apartments,https://www.apartments.com/traverse-apartments-lakewood-co/sfqjc37/,"5495 W 10th Ave, Lakewood, CO 80214"
10,West Line Flats,https://www.apartments.com/west-line-flats-lakewood-co/qkttpdz/,"6500 W 13th Ave, Lakewood, CO 80214"
11,Viridian,https://www.apartments.com/viridian-greenwood-village-co/c02ytwf/,"5335 S Valentia Way, Greenwood Village, CO 80111"
12,IMT Dayton Station,https://www.apartments.com/imt-dayton-station-aurora-co/0eppz11/,"3645 S Dallas St, Aurora, CO 80014"
13,Westlake Greens,https://www.apartments.com/westlake-greens-littleton-co/ez6fbsq/,"8000 W Crestline Ave, Littleton, CO 80123"
14,Crestone,https://www.apartments.com/crestone-aurora-co/dtkyq9k/,"10550 E Iowa Ave, Aurora, CO 80012"
15,Skye Crest,https://www.apartments.com/skye-crest-lakewood-co/1vf0sc5/,"7846 W Mansfield Pky, Lakewood, CO 80235"
16,Prosper Place,https://www.apartments.com/prosper-place-littleton-co/9qcwr55/,"4601 S Balsam Way, Littleton, CO 80123"
17,Lugano at Cherry Creek,https://www.apartments.com/lugano-at-cherry-creek-aurora-co/wyvfnmj/,"9601 E Iliff Ave, Aurora, CO 80231"
18,Pines at Marston Lake,https://www.apartments.com/pines-at-marston-lake-littleton-co/p5cl57t/,"4801 S Wadsworth Blvd, Littleton, CO 80123"
19,Esprit Cherry Creek,https://www.apartments.com/esprit-cherry-creek-glendale-co/ex2bdvn/,"5001 E Mississippi Ave, Glendale, CO 80246"
20,The Meadows at Dunkirk Apartment Homes,https://www.apartments.com/the-meadows-at-dunkirk-apartment-homes-aurora-co/8l207v3/,"19300 E 57th Ave, Aurora, CO 80019"
21,The Quincy,https://www.apartments.com/the-quincy-denver-co/t6s7ss8/,"1776 Curtis St, Denver, CO 80202"
22,The York on City Park,https://www.apartments.com/the-york-on-city-park-denver-co/123n665/,"1781 York St, Denver, CO 80206"
23,RedPeak Colorado Station,https://www.apartments.com/redpeak-colorado-station-denver-co/dbynl8j/,"3725 E Buchtel Blvd, Denver, CO 80210"
24,The Pines at Pinehurst,https://www.apartments.com/the-pines-at-pinehurst-denver-co/xpz0tyn/,"4725 W Quincy Ave, Denver, CO 80236"
0,The Overland,https://www.apartments.com/the-overland-denver-co/cqdwpeg/,"2065 S Cherokee St, Denver, CO 80223"
1,Airie,https://www.apartments.com/airie-denver-co/crv4k0g/,"800 S Valentia St, Denver, CO 80247"
2,Elevate at Pena Station,https://www.apartments.com/elevate-at-pena-station-denver-co/7twd5qw/,"17607 E 61st Ave, Denver, CO 80249"
3,TriVista on Speer,https://www.apartments.com/trivista-on-speer-denver-co/m26cnfl/,"1350 Speer Blvd, Denver, CO 80204"
4,The Croft Apartments,https://www.apartments.com/the-croft-apartments-denver-co/ccdlwcg/,"7200 E Evans Ave, Denver, CO 80224"
5,Axis at Nine Mile Station,https://www.apartments.com/axis-at-nine-mile-station-denver-co/cdteqnd/,"3255 S Parker Rd, Denver, CO 80014"
6,The Station at Riverfront Park,https://www.apartments.com/the-station-at-riverfront-park-denver-co/f84s5st/,"1460 Little Raven St, Denver, CO 80202"
7,Advenir at French Quarter,https://www.apartments.com/advenir-at-french-quarter-denver-co/jkb7mg4/,"3227 S Parker Rd, Denver, CO 80014"
8,The Park at Canyon Ridge,https://www.apartments.com/the-park-at-canyon-ridge-aurora-co/jcbxqx6/,"9757 E Colorado Ave, Aurora, CO 80247"
9,Concordia Apartments,https://www.apartments.com/concordia-apartments-lakewood-co/0e9qh00/,"6777 W 19th Pl, Lakewood, CO 80214"
10,Advenir at Del Arte,https://www.apartments.com/advenir-at-del-arte-aurora-co/czlgdtg/,"151 S Joliet Cir, Aurora, CO 80012"
11,AMLI Park Avenue,https://www.apartments.com/amli-park-avenue-denver-co/9fkxz64/,"755 E 19th Ave, Denver, CO 80203"
12,16 Penn Apartments,https://www.apartments.com/16-penn-apartments-denver-co/z5tf5xz/,"1615 Pennsylvania St, Denver, CO 80203"
13,Connect at First Creek,https://www.apartments.com/connect-at-first-creek-denver-co/778wntz/,"17900 E 56th Ave, Denver, CO 80249"
14,Broadstone on 9th,https://www.apartments.com/broadstone-on-9th-denver-co/9mhm1d4/,"4300 E 9th Ave, Denver, CO 80220"
15,Pearl DTC,https://www.apartments.com/pearl-dtc-denver-co/xdzjsmn/,"7571 E Technology Way, Denver, CO 80237"
16,Gables Cherry Creek,https://www.apartments.com/gables-cherry-creek-denver-co/47e7ewh/,"360 S Monroe St, Denver, CO 80209"
17,Muse,https://www.apartments.com/muse-denver-co/5d2kypp/,"2270 S University Blvd, Denver, CO 80210"
18,Milehouse,https://www.apartments.com/milehouse-denver-co/3eds2vg/,"6750 E Chenango Ave, Denver, CO 80237"
19,SoBo Station,https://www.apartments.com/sobo-station-denver-co/l9x1tqg/,"500 W Cedar Ave, Denver, CO 80223"
20,AMLI Riverfront Park,https://www.apartments.com/amli-riverfront-park-denver-co/htp4230/,"1900 Little Raven St, Denver, CO 80202"
21,Corsican Apartments,https://www.apartments.com/corsican-apartments-denver-co/84st5m3/,"1330 Gaylord St, Denver, CO 80206"
22,Modera River North,https://www.apartments.com/modera-river-north-denver-co/8bwksv0/,"2850 Blake St, Denver, CO 80205"
23,Alton Green,https://www.apartments.com/alton-green-denver-co/g2wfmxw/,"8965 E Florida Ave, Denver, CO 80247"
24,Overture 9th + CO 55+ Active Adult Apartme...,https://www.apartments.com/overture-9th-co-55-active-adult-apartme-denver-co/lbkevpg/,"4205 E 10th Ave, Denver, CO 80220"
0,The DEN,https://www.apartments.com/the-den-denver-co/1yfrzc4/,"6950 E Chenango Ave, Denver, CO 80237"
1,Line 28 at LoHi,https://www.apartments.com/line-28-at-lohi-denver-co/8eh22k3/,"1560 Boulder St, Denver, CO 80211"
2,NUVO Modern Rentals,https://www.apartments.com/nuvo-modern-rentals-denver-co/fynbjjr/,"1211 Vine St, Denver, CO 80206"
3,Station A Apartments,https://www.apartments.com/station-a-apartments-denver-co/eyds10n/,"4550 Kittredge St, Denver, CO 80239"
4,The Walcott Jefferson Park,https://www.apartments.com/the-walcott-jefferson-park-denver-co/0c88e43/,"2920 W 29th Ave, Denver, CO 80211"
5,Bell Denver Tech Center,https://www.apartments.com/bell-denver-tech-center-denver-co/6dcpx7s/,"4380 S Monaco St, Denver, CO 80237"
6,LoHi Gold Apartments,https://www.apartments.com/lohi-gold-apartments-denver-co/csk1c2d/,"2424-2434 W Caithness Pl, Denver, CO 80211"
7,2828 Zuni,https://www.apartments.com/2828-zuni-denver-co/ttsgn2b/,"2828 Zuni St, Denver, CO 80211"
8,Griffis Highline,https://www.apartments.com/griffis-highline-denver-co/jd9z587/,"8252 E Harvard Ave, Denver, CO 80231"
9,Waterford Cherry Creek,https://www.apartments.com/waterford-cherry-creek-denver-co/59h97rn/,"650 S Dahlia Cir, Denver, CO 80246"
10,Platt Park by Windsor,https://www.apartments.com/platt-park-by-windsor-denver-co/s4lthj4/,"99 E Arizona St, Denver, CO 80210"
11,Country Club Towers And Gardens,https://www.apartments.com/country-club-towers-and-gardens-denver-co/cdcvtnd/,"1001 E Bayaud Ave, Denver, CO 80209"
12,Grammercy,https://www.apartments.com/grammercy-denver-co/v5ekp0e/,"9600 E Girard Ave, Denver, CO 80231"
13,1515 Flats,https://www.apartments.com/1515-flats-denver-co/g8kj20y/,"1515 Vrain St, Denver, CO 80204"
14,Cadence at Union Station,https://www.apartments.com/cadence-at-union-station-denver-co/l03et8e/,"1920 17th St, Denver, CO 80202"
15,Point 21 Apartments,https://www.apartments.com/point-21-apartments-denver-co/md6pwdh/,"2131 Lawrence St, Denver, CO 80205"
16,Summitt Ridge,https://www.apartments.com/summitt-ridge-denver-co/pfhtwpr/,"8330 E Quincy Ave, Denver, CO 80237"
17,Platform at Union Station,https://www.apartments.com/platform-at-union-station-denver-co/n7dckep/,"1650 Wewatta St, Denver, CO 80202"
18,Lex at Lowry,https://www.apartments.com/lex-at-lowry-denver-co/1rps1s6/,"240 S Monaco Pky, Denver, CO 80224"
19,Carriage Place,https://www.apartments.com/carriage-place-denver-co/1vnl8w5/,"4875 Dtc Blvd, Denver, CO 80237"
20,Santana Ridge,https://www.apartments.com/santana-ridge-denver-co/c3y2p3f/,"1355 S Galena St, Denver, CO 80247"
21,The Ranch At First Creek,https://www.apartments.com/the-ranch-at-first-creek-denver-co/2t9sbd8/,"18493 E Elmendorf Dr, Denver, CO 80249"
22,4400 Syracuse,https://www.apartments.com/4400-syracuse-denver-co/6lj0tps/,"4400 S Syracuse St, Denver, CO 80237"
23,The District,https://www.apartments.com/the-district-denver-co/1bry2k4/,"6300 E Hampden Ave, Denver, CO 80222"
24,Skyhouse Denver,https://www.apartments.com/skyhouse-denver-denver-co/b9pj0nb/,"1776 Broadway St, Denver, CO 80202"
0,Monaco South,https://www.apartments.com/monaco-south-denver-co/nb44e5p/,"2280 S Monaco Pky, Denver, CO 80222"
1,Summit at Wash Park Apartments,https://www.apartments.com/summit-at-wash-park-apartments-denver-co/4xbdc4l/,"90 S Logan St, Denver, CO 80209"
2,Alta Springs,https://www.apartments.com/alta-springs-denver-co/n82d7dm/,"9888 E Vassar Dr, Denver, CO 80231"
3,The Lydian,https://www.apartments.com/the-lydian-denver-co/gsp1fqx/,"2560 Welton St, Denver, CO 80205"
4,Luxe at Mile High,https://www.apartments.com/luxe-at-mile-high-denver-co/sxyljh6/,"3200 W Colfax Ave, Denver, CO 80204"
5,Creekside Apartments,https://www.apartments.com/creekside-apartments-denver-co/eql6k3n/,"5250 E Cherry Creek South Dr, Denver, CO 80246"
6,Ascent,https://www.apartments.com/ascent-denver-co/xk0mf9n/,"8400 E Yale Ave, Denver, CO 80231"
7,Skyline 1801,https://www.apartments.com/skyline-1801-denver-co/egf12qq/,"1801-1835 Arapahoe St, Denver, CO 80202"
8,Modera Observatory Park,https://www.apartments.com/modera-observatory-park-denver-co/4kbshqj/,"1910 S Josephine St, Denver, CO 80210"
9,Legend Oaks,https://www.apartments.com/legend-oaks-denver-co/c3vshyd/,"1250 S Dayton Ct, Denver, CO 80247"
10,Radiant,https://www.apartments.com/radiant-denver-co/lnf001e/,"2100 Welton St, Denver, CO 80205"
11,Eviva on Cherokee,https://www.apartments.com/eviva-on-cherokee-denver-co/cv80m2e/,"1250 Cherokee St, Denver, CO 80204"
12,Arabella,https://www.apartments.com/arabella-denver-co/spcg3b4/,"4982 S Ulster St, Denver, CO 80237"
13,Griffis Union Station,https://www.apartments.com/griffis-union-station-denver-co/x1glvbm/,"2905 Inca St, Denver, CO 80202"
14,Ride at RiNo,https://www.apartments.com/ride-at-rino-denver-co/91441v7/,"3609 Wynkoop St, Denver, CO 80216"
15,Belmont Buckingham,https://www.apartments.com/belmont-buckingham-denver-co/eg0sgmn/,"1050-1080 Sherman St, Denver, CO 80203"
16,Advenir at Cherry Creek South,https://www.apartments.com/advenir-at-cherry-creek-south-denver-co/mp4cn5j/,"1211 S Quebec Way, Denver, CO 80231"
17,The elements at Sloanâ€™s Lake,https://www.apartments.com/the-elements-at-sloans-lake-denver-co/lldjzbe/,"1590 Yates St, Denver, CO 80204"
18,Residences at University Hills 62+,https://www.apartments.com/residences-at-university-hills-62-denver-co/q4bgzny/,"2775 S Brook Dr, Denver, CO 80222"
19,IMT Lowry,https://www.apartments.com/imt-lowry-denver-co/241p9y8/,"8155 E Fairmount Dr, Denver, CO 80230"
20,Botanica Town Center,https://www.apartments.com/botanica-town-center-denver-co/9lvq424/,"7575 E 29th Ave, Denver, CO 80238"
21,The Berkeley,https://www.apartments.com/the-berkeley-denver-co/t0krh9c/,"4703 W 52nd Ave, Denver, CO 80212"
22,Atrii,https://www.apartments.com/atrii-denver-co/hjxb442/,"5100 Leetsdale Dr, Denver, CO 80246"
23,Baker Tower Apartments,https://www.apartments.com/baker-tower-apartments-denver-co/vqr4dtf/,"330 Acoma St, Denver, CO 80223"
24,Sage at Panorama,https://www.apartments.com/sage-at-panorama-denver-co/sslb1s5/,"2570 S Dayton Way, Denver, CO 80231"
0,The Lodge,https://www.apartments.com/the-lodge-denver-co/0bj8c60/,"4697 E Louisiana Ave, Denver, CO 80246"
1,The Avantus,https://www.apartments.com/the-avantus-denver-co/smny3p6/,"8008 Montview Blvd, Denver, CO 80220"
2,Mountain Vista,https://www.apartments.com/mountain-vista-denver-co/qflbn1z/,"474 S Wright St, Denver, CO 80228"
3,Cambridge Place,https://www.apartments.com/cambridge-place-denver-co/0c8qe42/,"1260 S Bellaire St, Denver, CO 80246"
4,The Residences at Capitol Heights,https://www.apartments.com/the-residences-at-capitol-heights-denver-co/hj0zf70/,"1350 Grant St, Denver, CO 80203"
5,Vista Denver Apartments,https://www.apartments.com/vista-denver-apartments-denver-co/8570eh0/,"1920 S University Blvd, Denver, CO 80210"
6,Archer Tower,https://www.apartments.com/archer-tower-denver-co/seyn125/,"901 Sherman St, Denver, CO 80203"
7,Hampden Heights,https://www.apartments.com/hampden-heights-denver-co/1fqz9l6/,"8405 E Hampden Ave, Denver, CO 80231"
8,Elm at Panorama,https://www.apartments.com/elm-at-panorama-denver-co/rv3lt61/,"10050 E Harvard Ave, Denver, CO 80231"
9,Advenir at Cherry Creek North,https://www.apartments.com/advenir-at-cherry-creek-north-denver-co/pjfy51v/,"1090 S Parker Rd, Denver, CO 80231"
10,Ballpark Lofts,https://www.apartments.com/ballpark-lofts-denver-co/d1q94tl/,"1451 24th St, Denver, CO 80205"
11,Tuscan Heights,https://www.apartments.com/tuscan-heights-denver-co/0wpl210/,"1800 W 85th Ave, Denver, CO 80260"
12,Mint Urban Infinity I,https://www.apartments.com/mint-urban-infinity-i-denver-co/rlrbk20/,"1251 S Bellaire St, Denver, CO 80246"
13,Caden Apartments,https://www.apartments.com/caden-apartments-denver-co/mfr0kxj/,"7575 E Arkansas Ave, Denver, CO 80231"
14,Cleo Apartments,https://www.apartments.com/cleo-apartments-denver-co/fwwm9jv/,"425 S Galena Way, Denver, CO 80247"
15,2525 Eliot Street Apartments,https://www.apartments.com/2525-eliot-street-apartments-denver-co/l2zs6yd/,"2525 Eliot St, Denver, CO 80211"
16,Novi at Lowry,https://www.apartments.com/novi-at-lowry-denver-co/q790rvw/,"8000 E 12th Ave, Denver, CO 80220"
17,The Villas,https://www.apartments.com/the-villas-denver-co/ftq3eyt/,"2555 31st St, Denver, CO 80216"
18,Link 35,https://www.apartments.com/link-35-denver-co/7ly4mjz/,"3418 Larimer St, Denver, CO 80205"
19,Vina Apartments,https://www.apartments.com/vina-apartments-denver-co/zz8z3nx/,"2121 E 48th St, Denver, CO 80216"
20,Solana Olde Town Station,https://www.apartments.com/solana-olde-town-station-arvada-co/8ekv7h3/,"6855 W 56th Ave, Arvada, CO 80002"
21,4550 Cherry Creek,https://www.apartments.com/4550-cherry-creek-glendale-co/vxc000d/,"4550 Cherry Creek Dr S, Glendale, CO 80246"
22,Windsor at Pinehurst,https://www.apartments.com/windsor-at-pinehurst-lakewood-co/cbfpxqg/,"3950 S Wadsworth Blvd, Lakewood, CO 80235"
23,Avana on the Platte,https://www.apartments.com/avana-on-the-platte-sheridan-co/gz0ve2w/,"3400 S Platte River Dr, Sheridan, CO 80110"
24,Bloom at Cherry Creek,https://www.apartments.com/bloom-at-cherry-creek-glendale-co/y0r0tqt/,"4700 E Kentucky Ave, Glendale, CO 80246"
0,21 Fitzsimons,https://www.apartments.com/21-fitzsimons-aurora-co/cwkf8xe/,"2100 N Ursula St, Aurora, CO 80045"
1,Kent Place Residences,https://www.apartments.com/kent-place-residences-englewood-co/9dy00k5/,"3465 S Gaylord Ct, Englewood, CO 80113"
2,Verona Apartment Homes,https://www.apartments.com/verona-apartment-homes-littleton-co/95fs1y4/,"2961 W Centennial Dr, Littleton, CO 80123"
3,ArtWalk at CityCenter,https://www.apartments.com/artwalk-at-citycenter-englewood-co/g03c9hz/,"801-901 Englewood Pky, Englewood, CO 80110"
4,Advenir at Del Arte Townhomes,https://www.apartments.com/advenir-at-del-arte-townhomes-aurora-co/g47qnxx/,"11135 E Alameda Ave, Aurora, CO 80012"
5,Centro,https://www.apartments.com/centro-aurora-co/xg511yq/,"10901 E Garden Dr, Aurora, CO 80012"
6,The Phenix At 4 Mile,https://www.apartments.com/the-phenix-at-4-mile-glendale-co/3s1v7te/,"601 S Forest St, Glendale, CO 80246"
7,The Parc at Greenwood Village,https://www.apartments.com/the-parc-at-greenwood-village-greenwood-village-co/q8bc0ex/,"5500 DTC Pky, Greenwood Village, CO 80111"
8,The Marks,https://www.apartments.com/the-marks-englewood-co/yw69qzt/,"1701 E Hampden Ave, Englewood, CO 80113"
9,The Phenix At Infinity Park,https://www.apartments.com/the-phenix-at-infinity-park-glendale-co/21bdtb8/,"4701 E Mississippi Ave, Glendale, CO 80246"
10,Wentworth Apartments,https://www.apartments.com/wentworth-apartments-aurora-co/fnvrz6v/,"11255 E Alameda Ave, Aurora, CO 80012"
11,The Girard at Cherry Hills,https://www.apartments.com/the-girard-at-cherry-hills-englewood-co/qsmfgrz/,"1801 E Girard Pl, Englewood, CO 80113"
12,Park Place at Expo Apartments,https://www.apartments.com/park-place-at-expo-apartments-aurora-co/b2h3d7b/,"10785 E Exposition Ave, Aurora, CO 80012"
13,Falcon Run,https://www.apartments.com/falcon-run-englewood-co/8gd3kj3/,"3488 W Quincy Ave, Englewood, CO 80110"
14,The Loop At Lamar Station,https://www.apartments.com/the-loop-at-lamar-station-lakewood-co/cdbvh7d/,"1450 Lamar St, Lakewood, CO 80214"
15,White Swan Apartments,https://www.apartments.com/white-swan-apartments-denver-co/bzy9p2b/,"1300 Adams St, Denver, CO 80206"
16,Tangent,https://www.apartments.com/tangent-denver-co/4q03b5j/,"4300 S Monaco St, Denver, CO 80237"
17,The Battery on Blake Street,https://www.apartments.com/the-battery-on-blake-street-denver-co/51etcfm/,"2120 Blake St, Denver, CO 80205"
18,757 Grant,https://www.apartments.com/757-grant-denver-co/bse3bj9/,"757 Grant St, Denver, CO 80203"
19,Black Swan Apartments,https://www.apartments.com/black-swan-apartments-denver-co/j97h3j7/,"1380 Steele St, Denver, CO 80206"
20,The Alcott,https://www.apartments.com/the-alcott-denver-co/w0p7n1j/,"2424 Alcott St, Denver, CO 80211"
21,Greenbelt at Town Center,https://www.apartments.com/greenbelt-at-town-center-denver-co/p08nefr/,"2860 Roslyn St, Denver, CO 80238"
22,Greenbelt at Eastbridge,https://www.apartments.com/greenbelt-at-eastbridge-denver-co/nbvvvbp/,"10400 E 29th Dr, Denver, CO 80238"
23,The Boulevard Apartments,https://www.apartments.com/the-boulevard-apartments-denver-co/38qttcd/,"150 W 9th Ave, Denver, CO 80204"
24,Hartley Flats,https://www.apartments.com/hartley-flats-denver-co/hpetpn3/,"2749 Walnut St, Denver, CO 80205"
0,The Kentom,https://www.apartments.com/the-kentom-denver-co/vjl0w7g/,"1540 Grant St, Denver, CO 80203"
1,Studio LoHi,https://www.apartments.com/studio-lohi-denver-co/wf7chbl/,"2555 17th St, Denver, CO 80211"
2,Willow Point Townhomes,https://www.apartments.com/willow-point-townhomes-denver-co/eklt7pm/,"8500 E Mississippi Ave, Denver, CO 80247"
3,Wellshire Apartments,https://www.apartments.com/wellshire-apartments-denver-co/vbh86zg/,"2499 S Colorado Blvd, Denver, CO 80222"
4,Sleek Lofts,https://www.apartments.com/sleek-lofts-denver-co/xlx9zqn/,"770 Grant St, Denver, CO 80203"
5,Creekline Townhomes,https://www.apartments.com/creekline-townhomes-denver-co/vwqezbg/,"8625 E Iliff Ave, Denver, CO 80231"
6,Midtown Plaza,https://www.apartments.com/midtown-plaza-denver-co/s79ywd7/,"1161 W 69th Ave, Denver, CO 80221"
7,The Lincoln at Speer,https://www.apartments.com/the-lincoln-at-speer-denver-co/jy34ee7/,"1170-1250 Galapago St, Denver, CO 80204"
8,The Kasserman,https://www.apartments.com/the-kasserman-denver-co/1e69wd6/,"2680 18th St, Denver, CO 80211"
9,Creekside At Amherst Apartments,https://www.apartments.com/creekside-at-amherst-apartments-denver-co/w19j8jh/,"7520 W Amherst Ave, Denver, CO 80227"
10,Highland Park Denver,https://www.apartments.com/highland-park-denver-denver-co/jtb7g17/,"2920 W 32nd Ave, Denver, CO 80211"
11,Meridian Garden Apartments,https://www.apartments.com/meridian-garden-apartments-denver-co/b67wep9/,"1001 S Havana St, Denver, CO 80012"
12,University House Denver,https://www.apartments.com/university-house-denver-denver-co/37ejmng/,"2400 E Asbury Ave, Denver, CO 80210"
13,City House Apartments,https://www.apartments.com/city-house-apartments-denver-co/5ngpjzn/,"1801 Chestnut Pl, Denver, CO 80202"
14,Camellia House,https://www.apartments.com/camellia-house-denver-co/yy1jtyt/,"1235 Grant St, Denver, CO 80203"
15,Grosvenor Arms Apartments,https://www.apartments.com/grosvenor-arms-apartments-denver-co/337qbsg/,"333 E 16th Ave, Denver, CO 80203"
16,Apres Apartment Homes,https://www.apartments.com/apres-apartment-homes-aurora-co/jzhmqx7/,"1503 S Galena Way, Aurora, CO 80247"
17,Canterbury Square,https://www.apartments.com/canterbury-square-lakewood-co/75fjv0z/,"8854 W La Salle Ave, Lakewood, CO 80227"
18,Fairways at Lowry,https://www.apartments.com/fairways-at-lowry-aurora-co/gqlmvky/,"9913 E 1st Ave, Aurora, CO 80010"
19,Aspire 7th and Grant,https://www.apartments.com/aspire-7th-and-grant-denver-co/p7reqdr/,"670 N Grant St, Denver, CO 80203"
20,Gables Residences,https://www.apartments.com/gables-residences-denver-co/2t31jsb/,"300 S Monroe St, Denver, CO 80209"
21,Peregrine Place Apartment Homes,https://www.apartments.com/peregrine-place-apartment-homes-denver-co/2m43tf8/,"4400 E Mississippi Ave, Denver, CO 80246"
22,The Henry,https://www.apartments.com/the-henry-denver-co/4zklj3l/,"201 E Mississippi Ave, Denver, CO 80210"
23,2785 Speer Blvd,https://www.apartments.com/2785-speer-blvd-denver-co/nc4x9rn/,"2785 N Speer Blvd, Denver, CO 80211"
24,Park Hill 4000,https://www.apartments.com/park-hill-4000-denver-co/xn7rhpn/,"4000 N Albion St, Denver, CO 80216"
0,Park 17,https://www.apartments.com/park-17-denver-co/nwqyx5m/,"1210-1290 E 17th Ave, Denver, CO 80218"
1,The Jackson,https://www.apartments.com/the-jackson-denver-co/r2my2s2/,"195 Jackson St, Denver, CO 80206"
2,My Block Wash Park,https://www.apartments.com/my-block-wash-park-denver-co/ywhzkks/,"255 Washington St, Denver, CO 80203"
3,Gables Vista,https://www.apartments.com/gables-vista-denver-co/hq03gx3/,"375 S Jackson St, Denver, CO 80209"
4,The Gage,https://www.apartments.com/the-gage-denver-co/ln436sf/,"2520 Wewatta Way, Denver, CO 80216"
5,Mondrian Colorado,https://www.apartments.com/mondrian-colorado-denver-co/2ezsqe9/,"4175 E Mexico Ave, Denver, CO 80222"
6,The Paramount,https://www.apartments.com/the-paramount-denver-co/0328by3/,"8000 E Girard Ave, Denver, CO 80231"
7,Highlands 32,https://www.apartments.com/highlands-32-denver-co/g9vjz1x/,"3251 Lowell Blvd, Denver, CO 80211"
8,Edison At Rino,https://www.apartments.com/edison-at-rino-denver-co/jjbr5w6/,"3063 Brighton Blvd, Denver, CO 80216"
9,Ashley Union Station,https://www.apartments.com/ashley-union-station-denver-co/kbdqlp8/,"18th & Chestnut Pl, Denver, CO 80202"
10,Lumina Apartments,https://www.apartments.com/lumina-apartments-denver-co/5897zpp/,"3234 N Navajo St, Denver, CO 80211"
11,The Confluence,https://www.apartments.com/the-confluence-denver-co/pmzkelr/,"1610 Little Raven St, Denver, CO 80202"
12,Allure,https://www.apartments.com/allure-denver-co/yprfqrt/,"1300 S Willow St, Denver, CO 80247"
13,Grace Apartments,https://www.apartments.com/grace-apartments-denver-co/fhfjdxs/,"8888 E 13th Ave, Denver, CO 80220"
14,Sova Apartments,https://www.apartments.com/sova-apartments-denver-co/kphrzwb/,"1901 Grant St, Denver, CO 80203"
15,Everleigh Central Park 55+ Active Adult Ap...,https://www.apartments.com/everleigh-central-park-55-active-adult-ap-denver-co/46s3btk/,"2980 Syracuse St, Denver, CO 80238"
16,High Country House Apartments,https://www.apartments.com/high-country-house-apartments-denver-co/dncdy7k/,"77 S Adams St, Denver, CO 80209"
17,Overture Central Park 55+ Active Adult Apa...,https://www.apartments.com/overture-central-park-55-active-adult-apa-denver-co/7yfh9by/,"8133 E 29th Ave, Denver, CO 80238"
18,Waterford RiNo,https://www.apartments.com/waterford-rino-denver-co/l7cgpvd/,"2797 Wewatta Way, Denver, CO 80216"
19,Avere on the High Line,https://www.apartments.com/avere-on-the-high-line-denver-co/t95vm7c/,"1850 S Quebec Way, Denver, CO 80231"
20,Gables Speer Blvd,https://www.apartments.com/gables-speer-blvd-denver-co/grk0qex/,"255-295 E Speer Blvd, Denver, CO 80203"
21,Venue on 16th,https://www.apartments.com/venue-on-16th-denver-co/wey3yyj/,"2900 E 16th Ave, Denver, CO 80206"
22,Mosaic,https://www.apartments.com/mosaic-denver-co/s1bvqt5/,"6900-7100 E Evans Ave, Denver, CO 80224"
23,One 19 Cherry Creek,https://www.apartments.com/one-19-cherry-creek-denver-co/cql2l4f/,"119 S Harrison St, Denver, CO 80209"
24,Canvas on Blake,https://www.apartments.com/canvas-on-blake-denver-co/t2d4v19/,"2401 Blake St, Denver, CO 80205"
0,Parkside Apartments,https://www.apartments.com/parkside-apartments-denver-co/130ec67/,"2300 W 76th Ave, Denver, CO 80221"
1,1000 Speer by Windsor,https://www.apartments.com/1000-speer-by-windsor-denver-co/q5lqjky/,"1000 Speer Blvd, Denver, CO 80204"
2,Element 47 by Windsor,https://www.apartments.com/element-47-by-windsor-denver-co/h9ymzf3/,"2180 N Bryant St, Denver, CO 80211"
3,The Ridge at Lowry,https://www.apartments.com/the-ridge-at-lowry-denver-co/lm8qmzg/,"10000 E Alameda Ave, Denver, CO 80247"
4,Powderhorn Apartments,https://www.apartments.com/powderhorn-apartments-denver-co/lvmfypd/,"2365 W Virginia Ave, Denver, CO 80223"
5,The Logan Apartments,https://www.apartments.com/the-logan-apartments-denver-co/pdl6lhs/,"619 N Logan St, Denver, CO 80203"
6,Highland Place,https://www.apartments.com/highland-place-denver-co/185xr56/,"3372-3378 W 38th Ave, Denver, CO 80211"
7,Edge DTC,https://www.apartments.com/edge-dtc-denver-co/5lkje6q/,"7500 E Quincy Ave, Denver, CO 80237"
8,Noco Flats,https://www.apartments.com/noco-flats-denver-co/298t28c/,"1525 Yates St, Denver, CO 80204"
9,Mason at Alameda Station,https://www.apartments.com/mason-at-alameda-station-denver-co/exl0zqq/,"275 S Cherokee St, Denver, CO 80223"
10,Forest Cove,https://www.apartments.com/forest-cove-denver-co/vtsx0hd/,"3446 S Akron St, Denver, CO 80231"
11,The Manhattan by Windsor,https://www.apartments.com/the-manhattan-by-windsor-denver-co/86pzct3/,"1801 Bassett St, Denver, CO 80202"
12,The Dalton,https://www.apartments.com/the-dalton-denver-co/20dnm8c/,"1235 E 12th Ave, Denver, CO 80218"
13,Block 32 at RiNo,https://www.apartments.com/block-32-at-rino-denver-co/wcehjfl/,"3200 Brighton Blvd, Denver, CO 80216"
14,Retreat at Waters Edge,https://www.apartments.com/retreat-at-waters-edge-denver-co/4wghwtj/,"9999 E Yale Ave, Denver, CO 80231"
15,Cierra Crest,https://www.apartments.com/cierra-crest-denver-co/yfhqj5t/,"4500 S Monaco St, Denver, CO 80237"
16,Redstone Ranch Apartments,https://www.apartments.com/redstone-ranch-apartments-denver-co/nvbsqyp/,"4775 Argonne St, Denver, CO 80249"
17,Lowry North Apartment Homes,https://www.apartments.com/lowry-north-apartment-homes-denver-co/h3g3jq2/,"8001 E 11th Ave, Denver, CO 80220"
18,Asbury Plaza,https://www.apartments.com/asbury-plaza-denver-co/4pdw0mh/,"5100-5170 E Asbury Ave, Denver, CO 80222"
19,Centric LoHi by Windsor,https://www.apartments.com/centric-lohi-by-windsor-denver-co/5vekmln/,"2525 18th St, Denver, CO 80211"
20,2020 Lawrence,https://www.apartments.com/2020-lawrence-denver-co/lgz5dng/,"2020 Lawrence St, Denver, CO 80205"
21,Westover Gardens Apartments,https://www.apartments.com/westover-gardens-apartments-denver-co/9r18g07/,"9758 E Colorado Ave, Denver, CO 80247"
22,Cruise Apartments,https://www.apartments.com/cruise-apartments-denver-co/dg7n0jk/,"1899 Gaylord St, Denver, CO 80206"
23,1880 Little Raven,https://www.apartments.com/1880-little-raven-denver-co/2tnc689/,"1880 Little Raven St, Denver, CO 80202"
24,One City Block,https://www.apartments.com/one-city-block-denver-co/p8bpmnt/,"444 E 19th Ave, Denver, CO 80203"
0,The Hudson,https://www.apartments.com/the-hudson-denver-co/cjzzmqe/,"7201 Leetsdale Dr, Denver, CO 80224"
1,Carlisle on the Park Apartments,https://www.apartments.com/carlisle-on-the-park-apartments-denver-co/em6rs9p/,"925-995 Humboldt St, Denver, CO 80218"
2,The Avalon,https://www.apartments.com/the-avalon-denver-co/v8m60rg/,"645 Wolff St, Denver, CO 80204"
3,Da Vinci Apartments,https://www.apartments.com/da-vinci-apartments-denver-co/0lbggg1/,"1675 S Birch St, Denver, CO 80222"
4,Windsor at Broadway Station,https://www.apartments.com/windsor-at-broadway-station-denver-co/her5s23/,"1145 S Broadway St, Denver, CO 80210"
5,Greentree Village Apartments,https://www.apartments.com/greentree-village-apartments-denver-co/4dyk98l/,"1039 S Parker Rd, Denver, CO 80231"
6,The Hale Hall,https://www.apartments.com/the-hale-hall-denver-co/915zpm4/,"1259 Albion St, Denver, CO 80220"
7,The Clarkson,https://www.apartments.com/the-clarkson-denver-co/pfd0nxt/,"940 N Clarkson St, Denver, CO 80218"
8,Wesley Apartments,https://www.apartments.com/wesley-apartments-denver-co/c97zybg/,"2315-2361 S Monaco Pky, Denver, CO 80222"
9,Estrella,https://www.apartments.com/estrella-denver-co/73x9bzy/,"7030-7070 Pecos St, Denver, CO 80221"
10,Bank and Boston Lofts,https://www.apartments.com/bank-and-boston-lofts-denver-co/lle4q5f/,"817 17th St, Denver, CO 80202"
11,The Leetonia,https://www.apartments.com/the-leetonia-denver-co/82fz5z0/,"1510-1515 Vine St, Denver, CO 80206"
12,Huntington Ridge Apartments,https://www.apartments.com/huntington-ridge-apartments-denver-co/bzrvlsb/,"9896 E Louisiana Dr, Denver, CO 80247"
13,El Cortez,https://www.apartments.com/el-cortez-denver-co/enq628p/,"608 E 12th Ave, Denver, CO 80203"
14,Continental Court,https://www.apartments.com/continental-court-denver-co/y919vts/,"3125-3129 W Arkansas Ave, Denver, CO 80219"
15,Albion Living,https://www.apartments.com/albion-living-denver-co/xg66h4q/,"1594 S Albion St, Denver, CO 80222"
16,Parkwood Plaza,https://www.apartments.com/parkwood-plaza-denver-co/p6plsps/,"1436 S Irving St, Denver, CO 80219"
17,Garfield Park Apartments,https://www.apartments.com/garfield-park-apartments-denver-co/5fel55q/,"1325 Garfield St, Denver, CO 80206"
18,Commons Park West,https://www.apartments.com/commons-park-west-denver-co/myq8q7k/,"1550 Platte St, Denver, CO 80202"
19,Observatory Park Place,https://www.apartments.com/observatory-park-place-denver-co/nv8vg1n/,"2350 S University Blvd, Denver, CO 80210"
20,South Oneida Club,https://www.apartments.com/south-oneida-club-denver-co/gjj9tlw/,"1010 S Oneida St, Denver, CO 80224"
21,Ranch at Bear Creek,https://www.apartments.com/ranch-at-bear-creek-denver-co/kp3bv8c/,"3324 S Field St, Denver, CO 80227"
22,Mariposa Apartments,https://www.apartments.com/mariposa-apartments-denver-co/nj8ymsq/,"1295 W 10th Ave, Denver, CO 80204"
23,878 S Dexter,https://www.apartments.com/878-s-dexter-denver-co/wx34n4h/,"878 S Dexter St, Denver, CO 80246"
24,Twin Fountain Apartments,https://www.apartments.com/twin-fountain-apartments-denver-co/ddxgypl/,"2135 S Depew St, Denver, CO 80227"
0,Willows at Tamarac,https://www.apartments.com/willows-at-tamarac-denver-co/gzwm0dy/,"8525 E Hampden Ave, Denver, CO 80231"
1,Metropolitan at Cheesman Park,https://www.apartments.com/metropolitan-at-cheesman-park-denver-co/jsq3054/,"1901 E 13th Ave, Denver, CO 80206"
2,Orchard Glen Apartments,https://www.apartments.com/orchard-glen-apartments-denver-co/lskx4yg/,"3131 W Mexico Ave, Denver, CO 80219"
3,Domain at Wash Park,https://www.apartments.com/domain-at-wash-park-denver-co/0z7fc93/,"300 S Lafayette St, Denver, CO 80209"
4,Courtyard at Cherry Creek,https://www.apartments.com/courtyard-at-cherry-creek-denver-co/k0dbf3c/,"4695 E Mississippi Ave, Denver, CO 80246"
5,Assembly Student Living,https://www.apartments.com/assembly-student-living-denver-co/rtbqwk1/,"3900 Elati St, Denver, CO 80216"
6,Korsakov Apartments,https://www.apartments.com/korsakov-apartments-denver-co/nxsfcvm/,"1625 S Birch St, Denver, CO 80222"
7,Avon Apartments North,https://www.apartments.com/avon-apartments-north-denver-co/ph364cv/,"2850 S Federal Blvd, Denver, CO 80236"
8,The Reserves at Green Valley Ranch Apartments,https://www.apartments.com/the-reserves-at-green-valley-ranch-apartments-denver-co/mtpvk4k/,"4857 N Salida St, Denver, CO 80249"
9,Zuni Plaza,https://www.apartments.com/zuni-plaza-denver-co/2nqvgsb/,"7595 Zuni St, Denver, CO 80221"
10,Welton Park,https://www.apartments.com/welton-park-denver-co/957rr74/,"2300 Welton St, Denver, CO 80205"
11,Pine Creek Apartments,https://www.apartments.com/pine-creek-apartments-denver-co/jdgmzh6/,"600 S Dayton St, Denver, CO 80247"
12,Benedict Park Place,https://www.apartments.com/benedict-park-place-denver-co/15rz165/,"305 Park Ave W, Denver, CO 80205"
13,Trailpoint on Highline,https://www.apartments.com/trailpoint-on-highline-aurora-co/mvxcy6j/,"10756 E Virginia Ave, Aurora, CO 80012"
14,The Hamptons,https://www.apartments.com/the-hamptons-lakewood-co/k1zp3nb/,"8507 W Hampden Ave, Lakewood, CO 80227"
15,Downing St Lofts,https://www.apartments.com/downing-st-lofts-englewood-co/ed0fymn/,"1190 E Hampden Ave, Englewood, CO 80113"
16,The Huntington,https://www.apartments.com/the-huntington-lakewood-co/f7d3m9s/,"8223 W Floyd Ave, Lakewood, CO 80227"
17,Highline Lofts,https://www.apartments.com/highline-lofts-aurora-co/8rcgcz3/,"456 S Ironton St, Aurora, CO 80012"
18,Joliet Towers,https://www.apartments.com/joliet-towers-aurora-co/7grdtny/,"1110-1160 S Joliet St, Aurora, CO 80012"
19,Scandia Apartments,https://www.apartments.com/scandia-apartments-englewood-co/p4992lt/,"3540 S Pearl St, Englewood, CO 80113"
20,Cherry Ridge,https://www.apartments.com/cherry-ridge-aurora-co/277yh9c/,"919 S Peoria St, Aurora, CO 80012"
21,Summit Riverside Apartments,https://www.apartments.com/summit-riverside-apartments-littleton-co/hqxy4j1/,"4957 S Prince Ct, Littleton, CO 80123"
22,The Summit - 62+ Independent Living Community,https://www.apartments.com/the-summit-62-independent-living-community-lakewood-co/dtfg39j/,"323 S Eaton St, Lakewood, CO 80226"
23,Kimberly Woods Apartments,https://www.apartments.com/kimberly-woods-apartments-englewood-co/7nhjbmx/,"1401 E Girard Pl, Englewood, CO 80113"
24,The Stapleton Apartments,https://www.apartments.com/the-stapleton-apartments-aurora-co/0l1ldj3/,"2240 Dallas St, Aurora, CO 80010"
0,Aurora Hills Apartment Homes,https://www.apartments.com/aurora-hills-apartment-homes-aurora-co/c4x519e/,"11850 E Maple Ave, Aurora, CO 80012"
1,Marston Pointe,https://www.apartments.com/marston-pointe-lakewood-co/4bsnzth/,"7875 W Mansfield Pky, Lakewood, CO 80235"
2,1570 Saint Paul St,https://www.apartments.com/1570-saint-paul-st-denver-co/25sd2sb/,"Denver, CO 80206"
3,1097 W 69th Ave,https://www.apartments.com/1097-w-69th-ave-denver-co/elpyn1n/,"Denver, CO 80221"
4,15529 E 47th Ave,https://www.apartments.com/15529-e-47th-ave-denver-co/rs1c9c3/,"Denver, CO 80239"
5,1891 Curtis St Unit 1616,https://www.apartments.com/1891-curtis-st-denver-co-unit-1616/lxeee4g/,"Denver, CO 80202"
6,601 W 11th Ave Unit 413,https://www.apartments.com/601-w-11th-ave-denver-co-unit-413/6e9drvv/,"Denver, CO 80204"
7,2278 S Emerson St,https://www.apartments.com/2278-s-emerson-st-denver-co/g227psy/,"Denver, CO 80210"
8,737 Kalamath St,https://www.apartments.com/737-kalamath-st-denver-co/99z7684/,"Denver, CO 80204"
9,3010 California St,https://www.apartments.com/3010-california-st-denver-co/gq71hty/,"Denver, CO 80205"
10,2922 Welton St,https://www.apartments.com/2922-welton-st-denver-co/5ny2vem/,"Denver, CO 80205"
11,1736 Boulder St,https://www.apartments.com/1736-boulder-st-denver-co/wl46wvh/,"Denver, CO 80211"
12,378 N Clarkson St,https://www.apartments.com/378-n-clarkson-st-denver-co/2ee6xc8/,"Denver, CO 80218"
13,155 S Monaco Pky Unit 116,https://www.apartments.com/155-s-monaco-pky-denver-co-unit-116/72rrz9x/,"Denver, CO 80224"
14,2450 N Ogden St,https://www.apartments.com/2450-n-ogden-st-denver-co/k1sd7j8/,"Denver, CO 80205"
15,2805 Ivy St,https://www.apartments.com/2805-ivy-st-denver-co/zm8jq4x/,"Denver, CO 80207"
16,1326 Quitman St,https://www.apartments.com/1326-quitman-st-denver-co/djxrbqh/,"Denver, CO 80204"
17,1441 Central St,https://www.apartments.com/1441-central-st-denver-co/g8yg09w/,"Denver, CO 80211"
18,360 W 13th Ave,https://www.apartments.com/360-w-13th-ave-denver-co/bjl7rzb/,"Denver, CO 80204"
19,3372 W 38th Ave,https://www.apartments.com/3372-w-38th-ave-denver-co/vz7bxzf/,"Denver, CO 80211"
20,360 W 13th Ave,https://www.apartments.com/360-w-13th-ave-denver-co/zzlk7wy/,"Denver, CO 80204"
21,2101 Market St,https://www.apartments.com/2101-market-st-denver-co/e4xp51m/,"Denver, CO 80205"
22,2298 W 28th Ave,https://www.apartments.com/2298-w-28th-ave-denver-co/ce9b7fd/,"Denver, CO 80211"
23,3455 W 38th Ave,https://www.apartments.com/3455-w-38th-ave-denver-co/btcxegb/,"Denver, CO 80211"
24,2401 Blake St,https://www.apartments.com/2401-blake-st-denver-co/hy8f042/,"Denver, CO 80205"
0,3609 Wynkoop St,https://www.apartments.com/3609-wynkoop-st-denver-co/kxvdmmb/,"Denver, CO 80216"
1,2409 S Lafayette St,https://www.apartments.com/2409-s-lafayette-st-denver-co/k2hpjk8/,"Denver, CO 80210"
